Customer_ID,Gender,Age,Tenure_Months,Contract_Type,Payment_Method,Customer_Segment,Monthly_Charges,Total_Charges,Churn
CUST0001,Male,34,20,Month-to-Month,Credit Card,Adult,48.83,944.11,No
CUST0002,Female,26,61,Two Year,Credit Card,Young,61.28,3654.12,No
CUST0003,Male,50,35,One Year,Bank Transfer,Senior,53.72,1744.21,No
CUST0004,Male,70,50,One Year,Credit Card,Senior,31.39,1644.26,No
CUST0005,Male,37,62,Month-to-Month,Credit Card,Adult,31.69,2105.05,No
CUST0006,Female,30,17,Two Year,Credit Card,Adult,45.12,834.34,Yes
CUST0007,Male,45,3,Two Year,Electronic Check,Adult,26.57,79.59,Yes
CUST0008,Male,65,32,One Year,Credit Card,Senior,101.44,3376.49,No
CUST0009,Male,46,13,Month-to-Month,Electronic Check,Adult,57.35,798.57,No
CUST0010,Female,30,68,Month-to-Month,UPI,Adult,56.37,3770.52,No
CUST0011,Male,63,14,Month-to-Month,Bank Transfer,Senior,63.16,850.54,No
CUST0012,Male,52,11,Month-to-Month,UPI,Senior,106.16,1269.76,No
CUST0013,Male,23,56,Month-to-Month,Electronic Check,Young,133.18,7481.46,No
CUST0014,Male,35,67,Two Year,UPI,Adult,118.68,7947.19,No
CUST0015,Female,68,29,Month-to-Month,UPI,Senior,114.58,3109.11,Yes
CUST0016,Male,22,9,Month-to-Month,Bank Transfer,Young,82.97,688.21,No
CUST0017,Female,64,67,Month-to-Month,Bank Transfer,Senior,110.19,7887.87,Yes
CUST0018,Female,42,25,Month-to-Month,Electronic Check,Adult,91.86,2348.92,Yes
CUST0019,Female,19,42,Month-to-Month,UPI,Young,48.11,1950.23,No
CUST0020,Male,27,9,Month-to-Month,Credit Card,Young,47.12,397.93,No
CUST0021,Female,47,40,Month-to-Month,Electronic Check,Adult,58.53,2367.19,No
CUST0022,Male,67,25,One Year,Electronic Check,Senior,138.4,3518.07,Yes
CUST0023,Female,62,5,Two Year,UPI,Senior,91.16,429.09,No
CUST0024,Female,22,11,Month-to-Month,UPI,Young,115.41,1358.73,Yes
CUST0025,Female,50,59,Month-to-Month,UPI,Senior,65.05,3518.84,No
CUST0026,Female,18,38,Two Year,Bank Transfer,Young,73.0,2694.16,No
CUST0027,Female,35,72,Month-to-Month,Electronic Check,Adult,36.32,2709.38,No
CUST0028,Female,49,5,Month-to-Month,Electronic Check,Adult,42.27,201.8,Yes
CUST0029,Female,64,48,Two Year,Electronic Check,Senior,127.56,6524.14,Yes
CUST0030,Female,66,18,Month-to-Month,Electronic Check,Senior,96.03,1811.46,Yes
CUST0031,Male,28,70,One Year,Credit Card,Young,63.88,4730.08,No
CUST0032,Male,38,37,One Year,Electronic Check,Adult,124.37,4251.14,No
CUST0033,Female,43,60,Month-to-Month,Credit Card,Adult,52.05,2898.49,Yes
CUST0034,Female,42,48,Month-to-Month,,Adult,146.88,6749.16,No
CUST0035,Female,39,28,One Year,Credit Card,Adult,64.83,1821.8,No
CUST0036,Male,44,69,Month-to-Month,UPI,Adult,63.85,4624.18,No
CUST0037,Female,66,40,Month-to-Month,Bank Transfer,Senior,60.55,2585.02,No
CUST0038,Male,30,45,One Year,Electronic Check,Adult,35.87,1680.12,No
CUST0039,Male,50,62,Month-to-Month,Credit Card,Senior,34.45,2318.99,Yes
CUST0040,Male,51,58,Month-to-Month,,Senior,104.25,6335.21,Yes
CUST0041,Male,58,67,Two Year,Electronic Check,Senior,133.77,8615.32,Yes
CUST0042,Male,52,56,Month-to-Month,Bank Transfer,Senior,122.77,6552.1,No
CUST0043,Female,18,40,Two Year,Electronic Check,Young,38.34,1593.78,No
CUST0044,Female,38,40,One Year,Electronic Check,Adult,90.93,3413.78,No
CUST0045,Female,65,33,One Year,Credit Card,Senior,33.73,1022.42,Yes
CUST0046,Female,23,6,Month-to-Month,UPI,Young,25.89,156.34,No
CUST0047,Female,45,19,Two Year,Bank Transfer,Adult,105.33,2130.01,Yes
CUST0048,Male,34,40,Month-to-Month,Bank Transfer,Adult,89.57,3297.16,Yes
CUST0049,Female,22,59,One Year,Electronic Check,Young,30.66,1914.54,No
CUST0050,Female,48,59,Month-to-Month,Bank Transfer,Adult,24.54,1538.08,No
CUST0051,Male,22,48,Month-to-Month,Bank Transfer,Young,148.67,7110.86,No
CUST0052,Female,55,41,Month-to-Month,Bank Transfer,Senior,23.9,893.14,No
CUST0053,Male,20,13,Two Year,UPI,Young,77.79,945.45,Yes
CUST0054,Female,70,45,Two Year,Electronic Check,Senior,85.6,4011.8,No
CUST0055,Male,40,53,Month-to-Month,UPI,Adult,35.25,1947.38,No
CUST0056,Female,54,42,Month-to-Month,UPI,Senior,41.98,1903.63,No
CUST0057,Female,70,63,One Year,Electronic Check,Senior,65.73,4209.47,No
CUST0058,Male,54,27,Month-to-Month,Credit Card,Senior,119.02,2971.95,No
CUST0059,Male,27,38,Month-to-Month,UPI,Young,85.92,3017.75,No
CUST0060,Male,27,60,One Year,Electronic Check,Young,102.93,6448.93,Yes
CUST0061,Male,36,7,Month-to-Month,Credit Card,Adult,148.07,970.94,Yes
CUST0062,Male,34,5,Two Year,UPI,Adult,119.84,578.63,No
CUST0063,Male,38,45,Month-to-Month,Credit Card,Adult,76.47,3432.35,Yes
CUST0064,Male,31,58,Month-to-Month,Electronic Check,Adult,78.04,4096.11,No
CUST0065,Male,26,31,Month-to-Month,Credit Card,Young,100.44,2957.22,No
CUST0066,Female,63,23,One Year,Electronic Check,Senior,,2404.38,No
CUST0067,Female,18,42,Month-to-Month,Credit Card,Young,85.09,3416.27,Yes
CUST0068,Male,68,10,One Year,Electronic Check,Senior,103.83,962.79,Yes
CUST0069,Female,62,32,Month-to-Month,Bank Transfer,Senior,23.06,771.57,No
CUST0070,Female,30,53,Two Year,Credit Card,Adult,75.85,4271.82,No
CUST0071,Female,21,30,Month-to-Month,Bank Transfer,Young,56.26,1605.93,No
CUST0072,Female,18,39,Month-to-Month,Bank Transfer,Young,36.79,1513.56,No
CUST0073,Male,66,31,One Year,Credit Card,Senior,32.94,997.77,No
CUST0074,Female,57,2,Month-to-Month,Bank Transfer,Senior,98.41,197.08,No
CUST0075,Male,49,12,Month-to-Month,Electronic Check,Adult,88.07,1132.09,Yes
CUST0076,Female,51,39,Two Year,Credit Card,Senior,52.97,2169.1,No
CUST0077,Female,45,66,Month-to-Month,Electronic Check,Adult,81.22,5687.64,No
CUST0078,Female,48,13,One Year,UPI,Adult,83.99,1012.57,Yes
CUST0079,Male,25,46,Month-to-Month,Electronic Check,Young,45.35,1906.58,No
CUST0080,Female,56,27,One Year,Credit Card,Senior,104.77,3051.36,No
CUST0081,Male,43,17,Month-to-Month,Bank Transfer,Adult,121.52,2019.5,No
CUST0082,Female,51,60,Month-to-Month,Credit Card,Senior,122.89,7060.59,No
CUST0083,Male,20,64,Two Year,Electronic Check,Young,98.32,6575.26,No
CUST0084,Female,67,35,One Year,Credit Card,Senior,86.51,3231.57,No
CUST0085,Male,29,70,Month-to-Month,Bank Transfer,Young,27.93,2096.84,No
CUST0086,Male,18,30,Month-to-Month,Bank Transfer,Young,57.42,1659.21,No
CUST0087,Female,61,71,Two Year,Credit Card,Senior,32.13,2441.93,No
CUST0088,Male,22,63,Month-to-Month,Credit Card,Young,145.3,8313.45,No
CUST0089,Female,47,28,One Year,Credit Card,Adult,37.56,956.96,No
CUST0090,Female,47,60,One Year,Bank Transfer,Adult,39.73,2442.69,No
CUST0091,Female,34,37,Month-to-Month,Credit Card,Adult,135.64,4580.15,No
CUST0092,Female,65,22,Month-to-Month,Credit Card,Senior,142.71,3029.49,Yes
CUST0093,Female,64,68,One Year,Electronic Check,Senior,119.56,8410.98,No
CUST0094,Female,40,20,Month-to-Month,Electronic Check,Adult,20.7,400.53,Yes
CUST0095,Female,32,68,Month-to-Month,Electronic Check,Adult,20.18,1284.31,No
CUST0096,Female,54,64,Two Year,Electronic Check,Senior,69.15,4232.07,No
CUST0097,Female,38,17,One Year,Credit Card,Adult,38.64,651.31,No
CUST0098,Female,31,12,One Year,Bank Transfer,Adult,22.39,267.36,Yes
CUST0099,Female,19,22,One Year,Electronic Check,Young,80.33,1867.29,No
CUST0100,Male,28,17,One Year,UPI,Young,142.6,2545.48,No
CUST0101,Male,68,10,Month-to-Month,Electronic Check,Senior,62.1,615.64,Yes
CUST0102,Female,56,65,Month-to-Month,Bank Transfer,Senior,105.95,7362.85,Yes
CUST0103,Female,55,22,Month-to-Month,Bank Transfer,Senior,104.79,2127.51,Yes
CUST0104,Female,51,50,Month-to-Month,Credit Card,Senior,52.64,2503.22,No
CUST0105,Female,55,14,One Year,Electronic Check,Senior,104.56,1559.86,No
CUST0106,Female,67,64,Month-to-Month,Bank Transfer,Senior,47.6,2972.06,No
CUST0107,Female,51,47,Month-to-Month,Credit Card,Senior,35.86,1847.62,Yes
CUST0108,Female,35,29,Month-to-Month,UPI,Adult,111.18,3202.46,No
CUST0109,Female,47,36,Month-to-Month,Credit Card,Adult,34.75,1324.04,Yes
CUST0110,Male,32,52,Month-to-Month,UPI,Adult,149.6,7627.21,No
CUST0111,Female,44,7,Month-to-Month,Electronic Check,Adult,43.85,302.34,Yes
CUST0112,Male,68,29,Month-to-Month,Bank Transfer,Senior,97.24,2753.91,No
CUST0113,Female,51,11,Month-to-Month,Bank Transfer,Senior,73.48,843.69,No
CUST0114,Female,69,33,Month-to-Month,Bank Transfer,Senior,36.43,1213.62,No
CUST0115,Male,55,6,One Year,Electronic Check,Senior,23.62,154.3,No
CUST0116,Female,50,32,Month-to-Month,Bank Transfer,Senior,100.96,3069.76,No
CUST0117,Male,41,51,Month-to-Month,Credit Card,Adult,124.88,5860.09,No
CUST0118,Female,32,58,One Year,Bank Transfer,Adult,129.46,7348.39,No
CUST0119,Female,47,26,Month-to-Month,Electronic Check,Adult,82.75,2201.72,Yes
CUST0120,Male,59,46,Two Year,UPI,Senior,121.07,5971.09,No
CUST0121,Female,68,29,Month-to-Month,Electronic Check,Senior,107.47,3020.76,No
CUST0122,Male,34,4,Month-to-Month,UPI,Adult,114.15,470.64,Yes
CUST0123,Female,22,13,One Year,UPI,Young,84.04,1059.79,No
CUST0124,Male,46,39,Month-to-Month,UPI,Adult,102.34,4084.83,Yes
CUST0125,Male,21,15,One Year,Credit Card,Young,124.72,2014.78,No
CUST0126,Female,27,29,Month-to-Month,Credit Card,Young,71.72,1968.13,Yes
CUST0127,Female,34,29,Two Year,UPI,Adult,124.78,3549.32,Yes
CUST0128,Male,27,32,Month-to-Month,Electronic Check,Young,96.96,3408.81,Yes
CUST0129,Female,34,2,Month-to-Month,Credit Card,Adult,41.57,89.27,No
CUST0130,Female,37,47,One Year,Bank Transfer,Adult,23.21,1104.97,No
CUST0131,Female,41,22,Month-to-Month,Bank Transfer,Adult,67.16,1482.43,No
CUST0132,Male,22,27,Month-to-Month,Electronic Check,Young,91.07,2352.96,Yes
CUST0133,Male,51,67,One Year,Bank Transfer,Senior,129.18,8684.85,Yes
CUST0134,Male,23,56,Two Year,UPI,Young,36.57,2190.53,No
CUST0135,Male,70,21,Month-to-Month,Electronic Check,Senior,124.03,2701.09,No
CUST0136,Male,19,47,One Year,UPI,Young,132.19,5952.04,No
CUST0137,Male,30,59,Two Year,Electronic Check,Adult,39.59,2196.35,Yes
CUST0138,Male,60,6,Two Year,Credit Card,Senior,130.71,747.43,No
CUST0139,Male,60,19,Month-to-Month,Electronic Check,Senior,148.89,2642.07,No
CUST0140,Male,65,57,One Year,Electronic Check,Senior,114.49,5998.17,Yes
CUST0141,Female,28,69,Month-to-Month,UPI,Young,122.02,8283.22,Yes
CUST0142,Male,68,3,Two Year,Credit Card,Senior,149.27,413.18,No
CUST0143,Female,64,1,Month-to-Month,Credit Card,Senior,98.71,92.23,No
CUST0144,Female,40,58,Month-to-Month,Electronic Check,Adult,60.03,3514.69,No
CUST0145,Female,33,38,One Year,Credit Card,Adult,128.88,4568.92,No
CUST0146,Male,48,15,Month-to-Month,Credit Card,Adult,99.88,1367.52,No
CUST0147,Male,28,34,Two Year,Credit Card,Young,95.56,3130.38,No
CUST0148,Male,33,61,Two Year,Electronic Check,Adult,52.97,3050.43,No
CUST0149,Male,25,35,One Year,UPI,Young,118.32,4153.88,No
CUST0150,Female,21,64,Month-to-Month,Credit Card,Young,30.62,1803.83,Yes
CUST0151,Male,57,25,One Year,Credit Card,Senior,140.16,3680.44,No
CUST0152,Male,21,24,Month-to-Month,Electronic Check,Young,62.36,1618.24,Yes
CUST0153,Male,42,12,Month-to-Month,Bank Transfer,Adult,36.61,460.71,Yes
CUST0154,Male,20,18,Two Year,Credit Card,Young,77.51,1404.34,No
CUST0155,Male,49,15,Month-to-Month,Credit Card,Adult,25.52,410.41,No
CUST0156,Female,20,27,Month-to-Month,Electronic Check,Young,109.0,3057.73,No
CUST0157,Male,44,72,Two Year,UPI,Adult,137.35,8921.15,Yes
CUST0158,Female,46,60,Month-to-Month,Electronic Check,Adult,128.84,7566.65,No
CUST0159,Male,49,46,Month-to-Month,Bank Transfer,Adult,36.56,1799.8,No
CUST0160,Female,67,17,Two Year,Credit Card,Senior,36.42,600.05,No
CUST0161,Male,68,53,Month-to-Month,Electronic Check,Senior,125.75,6045.22,No
CUST0162,Male,36,8,One Year,Bank Transfer,Adult,140.15,1176.4,No
CUST0163,Female,38,27,Two Year,Electronic Check,Adult,79.89,2287.33,Yes
CUST0164,Female,22,46,Two Year,UPI,Young,84.87,3639.01,No
CUST0165,Female,35,50,One Year,UPI,Adult,61.37,3091.42,Yes
CUST0166,Male,45,71,Month-to-Month,UPI,Adult,136.25,9077.76,Yes
CUST0167,Female,59,3,Month-to-Month,Electronic Check,Senior,103.84,325.18,Yes
CUST0168,Male,39,64,Two Year,Bank Transfer,Adult,57.47,3510.03,No
CUST0169,Male,38,44,Two Year,Credit Card,Adult,58.84,2493.8,No
CUST0170,Female,23,53,Month-to-Month,UPI,Young,135.86,7697.38,No
CUST0171,Female,18,24,Month-to-Month,Bank Transfer,Young,21.77,520.01,Yes
CUST0172,Male,22,60,Month-to-Month,UPI,Young,61.95,3843.2,No
CUST0173,Male,58,3,Month-to-Month,Credit Card,Senior,92.07,270.82,No
CUST0174,Female,29,20,One Year,Credit Card,Young,39.27,753.67,No
CUST0175,Female,43,46,Month-to-Month,Electronic Check,Adult,31.97,1507.53,Yes
CUST0176,Female,63,15,Two Year,Bank Transfer,Senior,125.99,1759.4,No
CUST0177,Male,51,25,One Year,Credit Card,Senior,136.27,3320.22,No
CUST0178,Male,66,71,Month-to-Month,Credit Card,Senior,127.07,8496.96,No
CUST0179,Male,31,17,One Year,Bank Transfer,Adult,136.84,2417.37,No
CUST0180,Male,43,9,Month-to-Month,Credit Card,Adult,91.9,900.58,No
CUST0181,Male,62,38,One Year,Electronic Check,Senior,125.59,5245.38,Yes
CUST0182,Male,44,48,One Year,Credit Card,Adult,69.93,3323.26,No
CUST0183,Female,26,60,Two Year,Credit Card,Young,106.61,6080.01,No
CUST0184,Male,43,63,Two Year,Credit Card,Adult,148.55,9251.64,Yes
CUST0185,Male,64,2,Month-to-Month,Electronic Check,Senior,49.34,105.53,Yes
CUST0186,Male,39,72,Month-to-Month,Electronic Check,Adult,70.69,4790.41,Yes
CUST0187,Female,64,11,One Year,Electronic Check,Senior,82.41,988.48,No
CUST0188,Male,47,64,Month-to-Month,Bank Transfer,Adult,37.94,2351.36,No
CUST0189,Male,60,72,Month-to-Month,Electronic Check,Senior,30.54,2412.52,Yes
CUST0190,Female,65,21,Month-to-Month,Credit Card,Senior,127.86,2866.9,No
CUST0191,Male,34,18,One Year,UPI,Adult,146.98,2808.91,No
CUST0192,Male,43,64,Month-to-Month,Electronic Check,Adult,72.61,4477.8,No
CUST0193,Male,53,38,One Year,Credit Card,Senior,31.39,1075.63,No
CUST0194,Male,18,32,Two Year,Bank Transfer,Young,28.56,892.38,No
CUST0195,Male,25,11,Month-to-Month,UPI,Young,135.87,1435.33,Yes
CUST0196,Female,66,45,Month-to-Month,Bank Transfer,Senior,80.3,3279.18,No
CUST0197,Female,52,33,Month-to-Month,Bank Transfer,Senior,61.6,2034.98,No
CUST0198,Female,69,41,Two Year,UPI,Senior,81.94,3294.39,No
CUST0199,Male,32,8,Month-to-Month,Credit Card,Adult,61.38,504.25,No
CUST0200,Male,64,11,Month-to-Month,UPI,Senior,83.57,941.55,No
CUST0201,Male,39,51,Month-to-Month,Electronic Check,Adult,131.74,6209.12,No
CUST0202,Female,31,41,One Year,UPI,Adult,97.0,4356.38,No
CUST0203,Male,43,17,Month-to-Month,Credit Card,Adult,110.3,1757.69,No
CUST0204,Male,45,46,One Year,Credit Card,Adult,67.41,3066.92,No
CUST0205,Female,40,32,Two Year,Electronic Check,Adult,116.01,3703.5,Yes
CUST0206,Male,31,54,Month-to-Month,Bank Transfer,Adult,106.66,6120.27,No
CUST0207,Female,41,20,Two Year,Electronic Check,Adult,35.54,653.83,Yes
CUST0208,Female,19,33,Month-to-Month,UPI,Young,94.44,3072.04,No
CUST0209,Female,62,40,Two Year,UPI,Senior,53.38,2190.08,Yes
CUST0210,Male,43,32,One Year,Electronic Check,Adult,124.53,3757.94,Yes
CUST0211,Male,31,2,Two Year,UPI,Adult,75.37,154.58,Yes
CUST0212,Male,68,33,Month-to-Month,Bank Transfer,Senior,149.31,5344.73,No
CUST0213,Male,24,30,Month-to-Month,Bank Transfer,Young,32.03,1056.51,Yes
CUST0214,Male,20,33,Month-to-Month,Credit Card,Young,121.45,3633.08,No
CUST0215,Male,64,26,Month-to-Month,Electronic Check,Senior,107.58,2649.16,Yes
CUST0216,Male,40,22,Month-to-Month,Electronic Check,Adult,119.77,2534.97,No
CUST0217,Female,63,66,Month-to-Month,Electronic Check,Senior,59.98,3878.81,Yes
CUST0218,Male,60,38,Month-to-Month,UPI,Senior,83.97,3026.38,No
CUST0219,Female,64,46,Month-to-Month,Electronic Check,Senior,123.55,5346.27,No
CUST0220,Male,62,15,Two Year,UPI,Senior,50.23,821.95,Yes
CUST0221,Male,35,44,Month-to-Month,Electronic Check,Adult,49.38,2354.59,No
CUST0222,Male,55,49,Month-to-Month,Credit Card,Senior,91.64,4083.53,No
CUST0223,Female,52,61,Month-to-Month,Bank Transfer,Senior,88.06,5198.49,Yes
CUST0224,Female,68,67,Month-to-Month,UPI,Senior,56.69,3726.18,No
CUST0225,Female,32,6,Two Year,Electronic Check,Adult,58.75,334.1,No
CUST0226,Female,42,9,Month-to-Month,Credit Card,Adult,56.12,518.1,No
CUST0227,Male,54,6,One Year,Credit Card,Senior,120.3,742.07,Yes
CUST0228,Female,45,32,Two Year,Electronic Check,Adult,104.75,3586.98,No
CUST0229,Male,27,41,Two Year,Electronic Check,Young,128.21,5509.84,No
CUST0230,Male,56,8,One Year,Credit Card,Senior,146.81,1184.48,No
CUST0231,Female,34,72,Two Year,Credit Card,Adult,81.64,6058.64,No
CUST0232,Female,56,50,Two Year,Bank Transfer,Senior,28.67,1368.7,No
CUST0233,Female,39,62,One Year,Credit Card,Adult,26.25,1657.79,No
CUST0234,Female,43,62,One Year,Credit Card,Adult,58.44,3615.47,No
CUST0235,Female,61,7,One Year,Credit Card,Senior,141.23,916.11,Yes
CUST0236,Female,42,4,Month-to-Month,Bank Transfer,Adult,88.02,333.95,No
CUST0237,Female,34,6,One Year,UPI,Adult,55.33,318.15,No
CUST0238,Female,30,58,Month-to-Month,Credit Card,Adult,71.89,4523.46,Yes
CUST0239,Male,37,22,Month-to-Month,Bank Transfer,Adult,97.82,2036.0,No
CUST0240,Female,42,26,Month-to-Month,Electronic Check,Adult,104.88,2611.94,Yes
CUST0241,Female,21,3,Month-to-Month,Credit Card,Young,40.01,116.89,Yes
CUST0242,Male,27,41,Month-to-Month,Electronic Check,Young,147.01,6224.8,No
CUST0243,Female,20,60,Month-to-Month,Credit Card,Young,90.82,5033.14,No
CUST0244,Male,58,14,One Year,Bank Transfer,Senior,37.64,574.8,Yes
CUST0245,Male,62,12,Month-to-Month,UPI,Senior,136.17,1753.51,Yes
CUST0246,Female,35,12,Two Year,Electronic Check,Adult,29.7,361.9,No
CUST0247,Male,64,13,Month-to-Month,Bank Transfer,Senior,138.01,1856.58,Yes
CUST0248,Male,53,25,Month-to-Month,Credit Card,Senior,149.55,3377.33,No
CUST0249,Male,64,45,One Year,Electronic Check,Senior,111.06,4836.72,No
CUST0250,Male,39,19,One Year,Electronic Check,Adult,120.16,2418.04,No
CUST0251,Female,51,55,Month-to-Month,Electronic Check,Senior,63.85,3215.0,Yes
CUST0252,Male,64,45,Two Year,Electronic Check,Senior,142.4,6129.01,No
CUST0253,Female,25,8,Two Year,Electronic Check,Young,88.86,723.01,No
CUST0254,Male,57,53,Month-to-Month,Electronic Check,Senior,115.21,5808.66,No
CUST0255,Male,66,55,Month-to-Month,Electronic Check,Senior,140.13,8376.1,Yes
CUST0256,Male,61,32,Two Year,Bank Transfer,Senior,146.77,4350.08,No
CUST0257,Male,36,51,One Year,Credit Card,Adult,128.32,6933.57,No
CUST0258,Female,59,44,Month-to-Month,UPI,Senior,59.39,2617.31,No
CUST0259,Female,58,70,Two Year,Credit Card,Senior,145.65,10705.95,No
CUST0260,Male,54,18,Month-to-Month,Bank Transfer,Senior,101.66,1760.61,Yes
CUST0261,Male,23,22,Month-to-Month,UPI,Young,140.98,3110.55,Yes
CUST0262,Female,69,37,Month-to-Month,Bank Transfer,Senior,107.89,4276.82,No
CUST0263,Male,43,56,One Year,Credit Card,Adult,59.94,3334.4,No
CUST0264,Male,51,59,One Year,Bank Transfer,Senior,68.1,3905.17,No
CUST0265,Male,62,3,One Year,Electronic Check,Senior,91.56,276.67,Yes
CUST0266,Female,23,28,Month-to-Month,Electronic Check,Young,122.7,3584.95,Yes
CUST0267,Female,54,35,Month-to-Month,Credit Card,Senior,61.34,2122.67,Yes
CUST0268,Female,50,61,Month-to-Month,Credit Card,Senior,95.37,6328.21,Yes
CUST0269,Male,70,54,One Year,Electronic Check,Senior,64.93,3362.43,No
CUST0270,Male,39,63,Month-to-Month,UPI,Adult,126.05,7902.18,No
CUST0271,Female,38,7,Month-to-Month,Bank Transfer,Adult,80.67,593.71,Yes
CUST0272,Female,23,49,Two Year,Credit Card,Young,29.97,1524.08,No
CUST0273,Female,23,31,Month-to-Month,UPI,Young,41.59,1383.06,Yes
CUST0274,Female,65,58,Two Year,Credit Card,Senior,27.94,1781.54,No
CUST0275,Male,21,61,Month-to-Month,UPI,Young,84.91,5103.74,Yes
CUST0276,Female,47,24,One Year,Credit Card,Adult,33.82,748.56,No
CUST0277,Male,28,20,Month-to-Month,Electronic Check,Young,34.84,631.36,No
CUST0278,Female,47,37,Two Year,Bank Transfer,Adult,142.34,5505.55,No
CUST0279,Male,48,4,Month-to-Month,Bank Transfer,Adult,133.45,573.73,No
CUST0280,Female,41,20,Month-to-Month,Bank Transfer,Adult,78.77,1487.4,No
CUST0281,Female,26,60,Month-to-Month,UPI,Young,148.15,8281.79,No
CUST0282,Female,20,24,Month-to-Month,Bank Transfer,Young,20.02,438.41,Yes
CUST0283,Female,68,50,Month-to-Month,Bank Transfer,Senior,99.82,5313.12,No
CUST0284,Male,48,49,Two Year,UPI,Adult,,4721.76,No
CUST0285,Female,57,51,Month-to-Month,Bank Transfer,Senior,79.47,3973.29,Yes
CUST0286,Male,54,36,One Year,Credit Card,Senior,71.6,2579.02,No
CUST0287,Male,53,66,One Year,UPI,Senior,79.2,5582.08,No
CUST0288,Male,41,34,One Year,Electronic Check,Adult,73.94,2589.8,No
CUST0289,Male,48,36,Month-to-Month,Bank Transfer,Adult,114.96,4233.8,No
CUST0290,Female,23,6,Month-to-Month,UPI,Young,37.6,210.97,No
CUST0291,Male,19,39,One Year,Bank Transfer,Young,45.69,1786.61,No
CUST0292,Male,37,42,Two Year,Bank Transfer,Adult,43.47,1904.39,No
CUST0293,Male,45,58,Month-to-Month,Bank Transfer,Adult,54.12,3436.07,No
CUST0294,Female,28,12,Month-to-Month,Credit Card,Young,88.28,996.1,No
CUST0295,Female,21,3,Month-to-Month,UPI,Young,34.46,93.24,No
CUST0296,Female,32,18,Two Year,Electronic Check,Adult,132.86,2188.35,No
CUST0297,Female,23,40,Month-to-Month,Electronic Check,Young,58.66,2288.14,No
CUST0298,Male,66,21,Month-to-Month,Electronic Check,Senior,41.13,919.1,No
CUST0299,Male,47,15,Two Year,Credit Card,Adult,107.83,1458.02,No
CUST0300,Female,55,26,Month-to-Month,Credit Card,Senior,24.95,643.09,No
CUST0301,Male,68,8,Month-to-Month,UPI,Senior,100.6,777.31,Yes
CUST0302,Male,19,42,One Year,Credit Card,Young,110.77,4235.94,Yes
CUST0303,Male,32,44,Two Year,Credit Card,Adult,47.94,2088.37,No
CUST0304,Female,28,14,Month-to-Month,Electronic Check,Young,25.46,338.96,No
CUST0305,Female,25,2,Month-to-Month,Credit Card,Young,67.27,130.55,Yes
CUST0306,Male,43,37,Month-to-Month,Bank Transfer,Adult,32.82,1264.28,Yes
CUST0307,Female,68,69,Month-to-Month,Electronic Check,Senior,35.14,2435.11,No
CUST0308,Female,62,38,One Year,Electronic Check,Senior,53.05,1864.57,Yes
CUST0309,Female,61,41,Month-to-Month,Electronic Check,Senior,58.41,2615.81,Yes
CUST0310,Female,22,62,Month-to-Month,Electronic Check,Young,88.9,5661.62,No
CUST0311,Female,23,60,Month-to-Month,Credit Card,Young,108.19,6836.57,No
CUST0312,Male,43,14,One Year,Electronic Check,Adult,97.06,1244.48,No
CUST0313,Female,21,2,Month-to-Month,Bank Transfer,Young,39.29,71.46,No
CUST0314,Male,36,70,Two Year,UPI,Adult,42.37,2680.85,No
CUST0315,Male,37,17,Month-to-Month,Credit Card,Adult,134.24,2140.04,Yes
CUST0316,Female,50,28,Two Year,UPI,Senior,92.59,2548.14,No
CUST0317,Male,37,66,Two Year,Credit Card,Adult,133.09,9549.59,No
CUST0318,Male,66,35,Month-to-Month,Credit Card,Senior,68.3,2369.97,No
CUST0319,Male,29,5,Month-to-Month,UPI,Young,99.87,478.4,Yes
CUST0320,Female,64,65,Month-to-Month,Electronic Check,Senior,88.08,5796.12,No
CUST0321,Female,18,40,Month-to-Month,UPI,Young,61.49,2268.7,Yes
CUST0322,Male,43,56,Month-to-Month,Electronic Check,Adult,81.09,4640.49,No
CUST0323,Female,31,36,Month-to-Month,Credit Card,Adult,85.32,3113.56,Yes
CUST0324,Female,55,45,Month-to-Month,Electronic Check,Senior,46.1,2195.65,No
CUST0325,Female,54,23,Two Year,Bank Transfer,Senior,60.95,1538.3,No
CUST0326,Female,28,47,Month-to-Month,Bank Transfer,Young,122.88,5487.6,Yes
CUST0327,Male,53,31,Two Year,Bank Transfer,Senior,139.05,4318.87,No
CUST0328,Male,30,11,Month-to-Month,Credit Card,Adult,66.77,794.53,No
CUST0329,Female,60,10,Two Year,Credit Card,Senior,59.91,633.27,No
CUST0330,Female,20,67,One Year,Electronic Check,Young,45.38,3032.8,No
CUST0331,Male,50,14,Month-to-Month,Electronic Check,Senior,108.2,1649.73,No
CUST0332,Male,23,10,One Year,UPI,Young,62.0,565.1,No
CUST0333,Female,67,1,Month-to-Month,Credit Card,Senior,148.41,161.2,Yes
CUST0334,Male,27,5,Month-to-Month,UPI,Young,62.34,283.68,Yes
CUST0335,Female,22,20,Two Year,UPI,Young,71.24,1438.28,No
CUST0336,Female,40,8,Month-to-Month,Credit Card,Adult,98.43,848.93,No
CUST0337,Male,27,43,Month-to-Month,Bank Transfer,Young,124.22,5087.98,No
CUST0338,Male,61,1,One Year,Electronic Check,Senior,81.04,80.59,Yes
CUST0339,Female,19,57,Two Year,Electronic Check,Young,74.95,4122.05,No
CUST0340,Female,30,64,One Year,Electronic Check,Adult,149.43,10428.34,No
CUST0341,Male,57,28,Month-to-Month,Credit Card,Senior,21.36,636.79,No
CUST0342,Female,19,37,One Year,Credit Card,Young,136.36,5256.22,Yes
CUST0343,Male,37,47,Month-to-Month,Credit Card,Adult,39.39,1883.78,No
CUST0344,Female,18,37,One Year,Credit Card,Young,122.17,4810.12,No
CUST0345,Male,54,49,Two Year,Credit Card,Senior,100.33,4810.24,No
CUST0346,Male,26,44,One Year,Bank Transfer,Young,64.44,2805.62,No
CUST0347,Male,34,56,Two Year,Bank Transfer,Adult,133.6,7825.76,No
CUST0348,Female,26,28,Month-to-Month,Electronic Check,Young,21.68,589.77,No
CUST0349,Female,28,6,One Year,Electronic Check,Young,49.47,270.93,Yes
CUST0350,Male,32,61,Two Year,Bank Transfer,Adult,93.7,5229.1,No
CUST0351,Female,41,20,Month-to-Month,Credit Card,Adult,65.7,1212.92,No
CUST0352,Male,55,2,Two Year,Bank Transfer,Senior,99.35,213.39,Yes
CUST0353,Male,52,37,Month-to-Month,Electronic Check,Senior,23.13,851.06,No
CUST0354,Female,47,20,One Year,Credit Card,Adult,35.14,732.72,Yes
CUST0355,Female,48,26,Two Year,Electronic Check,Adult,36.52,929.18,Yes
CUST0356,Male,66,29,One Year,Electronic Check,Senior,44.61,1231.26,No
CUST0357,Female,22,1,Month-to-Month,Bank Transfer,Young,79.71,77.27,No
CUST0358,Female,61,35,One Year,Credit Card,Senior,117.78,4364.84,No
CUST0359,Male,67,70,Month-to-Month,Bank Transfer,Senior,137.72,9881.83,No
CUST0360,Male,31,59,Two Year,UPI,Adult,128.6,8251.51,Yes
CUST0361,Female,70,69,Month-to-Month,Credit Card,Senior,45.6,3259.48,No
CUST0362,Male,28,33,Month-to-Month,Bank Transfer,Young,77.35,2588.38,No
CUST0363,Male,26,51,One Year,Electronic Check,Young,45.92,2393.53,No
CUST0364,Female,51,12,Month-to-Month,Credit Card,Senior,54.38,710.29,No
CUST0365,Male,29,20,One Year,Bank Transfer,Young,85.46,1807.72,No
CUST0366,Male,52,53,One Year,Credit Card,Senior,28.85,1383.5,No
CUST0367,Female,52,43,Two Year,Credit Card,Senior,48.36,2093.68,No
CUST0368,Female,18,50,One Year,Electronic Check,Young,141.6,7346.69,No
CUST0369,Male,57,29,Month-to-Month,Credit Card,Senior,80.6,2453.66,No
CUST0370,Male,39,57,Month-to-Month,UPI,Adult,77.9,4185.55,Yes
CUST0371,Female,46,39,Month-to-Month,UPI,Adult,21.89,916.4,Yes
CUST0372,Female,25,56,Month-to-Month,Bank Transfer,Young,52.16,3187.26,Yes
CUST0373,Female,28,43,Month-to-Month,Bank Transfer,Young,132.62,5402.38,No
CUST0374,Female,58,50,One Year,Credit Card,Senior,41.4,2228.4,No
CUST0375,Male,54,23,One Year,Credit Card,Senior,73.97,1564.18,No
CUST0376,Female,31,44,Month-to-Month,Electronic Check,Adult,21.86,876.37,No
CUST0377,Female,47,38,Two Year,Credit Card,Adult,82.18,2891.27,No
CUST0378,Male,52,23,Two Year,Credit Card,Senior,22.73,476.55,No
CUST0379,Female,38,45,Two Year,UPI,Adult,126.55,6087.7,No
CUST0380,Male,54,52,One Year,Credit Card,Senior,127.23,6032.5,No
CUST0381,Female,22,50,Month-to-Month,Credit Card,Young,122.41,5840.99,No
CUST0382,Female,36,8,Month-to-Month,Credit Card,Adult,56.84,418.68,No
CUST0383,Female,31,1,Month-to-Month,Bank Transfer,Adult,128.84,123.57,No
CUST0384,Male,43,8,Month-to-Month,Bank Transfer,Adult,90.59,665.37,Yes
CUST0385,Male,21,29,Two Year,Electronic Check,Young,68.6,2056.25,No
CUST0386,Female,42,5,Two Year,Credit Card,Adult,101.29,469.31,No
CUST0387,Male,62,47,Month-to-Month,UPI,Senior,21.6,1086.64,No
CUST0388,Male,59,34,Month-to-Month,Credit Card,Senior,38.58,1394.93,Yes
CUST0389,Male,42,65,Two Year,Electronic Check,Adult,116.5,6835.94,No
CUST0390,Male,35,55,Month-to-Month,Bank Transfer,Adult,51.74,3070.92,No
CUST0391,Male,57,43,Month-to-Month,UPI,Senior,97.74,3806.87,Yes
CUST0392,Male,25,30,Two Year,Electronic Check,Young,70.06,1992.36,No
CUST0393,Female,56,17,Month-to-Month,Bank Transfer,Senior,131.12,2020.58,No
CUST0394,Female,57,26,Month-to-Month,UPI,Senior,143.81,3616.3,No
CUST0395,Male,31,8,Month-to-Month,Credit Card,Adult,134.86,1081.87,No
CUST0396,Female,49,47,Two Year,UPI,Adult,55.18,2747.33,No
CUST0397,Female,68,72,One Year,Bank Transfer,Senior,45.24,3151.73,No
CUST0398,Female,55,46,Month-to-Month,Bank Transfer,Senior,81.68,3911.7,Yes
CUST0399,Female,50,68,Month-to-Month,Bank Transfer,Senior,20.95,1335.56,Yes
CUST0400,Male,40,33,Month-to-Month,Electronic Check,Adult,23.36,809.52,Yes
CUST0401,Female,32,1,One Year,Electronic Check,Adult,91.93,87.08,No
CUST0402,Female,50,19,One Year,Credit Card,Senior,87.66,1546.8,No
CUST0403,Male,42,31,Month-to-Month,Electronic Check,Adult,149.3,4337.1,No
CUST0404,Male,34,14,Two Year,Credit Card,Adult,46.24,606.2,No
CUST0405,Female,50,53,Month-to-Month,UPI,Senior,53.55,2845.45,No
CUST0406,Female,64,48,Month-to-Month,UPI,Senior,34.76,1783.54,No
CUST0407,Female,19,69,Month-to-Month,Bank Transfer,Young,139.28,8802.29,Yes
CUST0408,Female,31,62,Month-to-Month,UPI,Adult,121.12,7820.27,No
CUST0409,Female,70,66,Month-to-Month,Bank Transfer,Senior,126.9,8633.94,No
CUST0410,Female,57,64,Month-to-Month,Credit Card,Senior,137.36,9446.01,No
CUST0411,Male,57,70,Month-to-Month,Electronic Check,Senior,88.24,5860.73,No
CUST0412,Female,68,63,One Year,Credit Card,Senior,78.66,4906.13,No
CUST0413,Female,56,33,Month-to-Month,Bank Transfer,Senior,62.95,2254.27,Yes
CUST0414,Male,68,41,One Year,Credit Card,Senior,96.6,4087.33,No
CUST0415,Male,23,48,Two Year,Bank Transfer,Young,79.06,3710.46,No
CUST0416,Male,23,13,Month-to-Month,Electronic Check,Young,78.7,947.68,No
CUST0417,Male,20,31,Month-to-Month,Bank Transfer,Young,141.8,4186.99,No
CUST0418,Female,24,68,Month-to-Month,UPI,Young,147.92,10221.94,No
CUST0419,Female,68,4,Month-to-Month,Bank Transfer,Senior,123.54,515.72,Yes
CUST0420,Female,25,19,Month-to-Month,UPI,Young,118.38,2080.27,No
CUST0421,Female,59,70,One Year,UPI,Senior,108.47,7744.15,No
CUST0422,Female,69,13,One Year,UPI,Senior,41.59,546.11,No
CUST0423,Female,32,23,Month-to-Month,UPI,Adult,27.68,638.42,No
CUST0424,Male,64,1,Two Year,UPI,Senior,109.79,113.96,No
CUST0425,Female,46,54,Month-to-Month,Bank Transfer,Adult,114.74,6614.12,No
CUST0426,Male,50,71,Two Year,Electronic Check,Senior,26.11,1788.18,Yes
CUST0427,Male,69,15,One Year,Credit Card,Senior,140.65,2273.89,No
CUST0428,Female,47,65,One Year,Credit Card,Adult,31.85,1929.74,No
CUST0429,Male,56,71,Month-to-Month,Electronic Check,Senior,57.17,3793.63,No
CUST0430,Female,44,15,Month-to-Month,Electronic Check,Adult,107.41,1536.0,Yes
CUST0431,Male,53,21,Two Year,UPI,Senior,42.08,816.44,No
CUST0432,Female,46,19,Month-to-Month,UPI,Adult,27.2,488.93,Yes
CUST0433,Male,55,60,Two Year,UPI,Senior,63.05,3485.21,Yes
CUST0434,Female,50,33,Month-to-Month,Credit Card,Senior,119.58,4200.08,Yes
CUST0435,Female,54,49,Month-to-Month,Electronic Check,Senior,73.78,3354.18,No
CUST0436,Female,44,35,Month-to-Month,Electronic Check,Adult,104.89,3852.72,No
CUST0437,Female,50,44,Month-to-Month,Electronic Check,Senior,95.35,3816.06,No
CUST0438,Female,21,11,Two Year,Electronic Check,Young,22.89,274.38,No
CUST0439,Male,39,72,Month-to-Month,Electronic Check,Adult,148.51,11144.3,Yes
CUST0440,Male,19,66,Month-to-Month,UPI,Young,25.39,1510.44,No
CUST0441,Male,27,46,Month-to-Month,Bank Transfer,Young,145.81,7061.21,Yes
CUST0442,Female,22,9,Month-to-Month,Electronic Check,Young,91.48,825.64,Yes
CUST0443,Male,27,3,Month-to-Month,Electronic Check,Young,145.21,459.97,No
CUST0444,Female,50,26,Month-to-Month,Credit Card,Senior,34.92,912.01,Yes
CUST0445,Female,55,72,Two Year,Electronic Check,Senior,,6200.08,No
CUST0446,Male,30,48,Month-to-Month,UPI,Adult,42.04,2133.48,No
CUST0447,Male,48,66,Month-to-Month,Credit Card,Adult,26.63,1724.22,No
CUST0448,Female,64,70,Month-to-Month,Credit Card,Senior,100.28,6321.44,No
CUST0449,Male,53,28,Month-to-Month,Credit Card,Senior,47.01,1408.41,Yes
CUST0450,Female,62,26,Two Year,Electronic Check,Senior,96.4,2446.69,No
CUST0451,Female,41,25,Month-to-Month,Bank Transfer,Adult,34.61,864.57,No
CUST0452,Female,69,12,Month-to-Month,Bank Transfer,Senior,63.16,683.31,No
CUST0453,Female,32,5,One Year,Bank Transfer,Adult,121.61,607.09,Yes
CUST0454,Female,46,48,Month-to-Month,Electronic Check,Adult,76.82,4046.13,No
CUST0455,Male,25,37,Month-to-Month,,Young,101.61,3592.85,No
CUST0456,Male,22,44,Two Year,Credit Card,Young,104.17,4487.61,No
CUST0457,Female,46,15,One Year,UPI,Adult,129.69,2018.18,No
CUST0458,Female,64,43,Two Year,Credit Card,Senior,62.24,2844.82,No
CUST0459,Male,21,48,Month-to-Month,Credit Card,Young,109.35,5162.08,No
CUST0460,Male,29,70,Month-to-Month,Bank Transfer,Young,145.01,9764.3,No
CUST0461,Female,62,46,Month-to-Month,Bank Transfer,Senior,114.93,5749.72,Yes
CUST0462,Male,19,43,Month-to-Month,Credit Card,Young,83.68,3725.72,No
CUST0463,Female,44,21,Two Year,Credit Card,Adult,101.99,1978.59,No
CUST0464,Male,48,23,Month-to-Month,Credit Card,Adult,116.16,2441.34,Yes
CUST0465,Female,68,47,Two Year,UPI,Senior,99.6,4665.8,No
CUST0466,Male,68,15,One Year,Credit Card,Senior,22.17,313.93,No
CUST0467,Female,53,25,Month-to-Month,UPI,Senior,45.32,1077.25,No
CUST0468,Male,53,36,Month-to-Month,Credit Card,Senior,125.36,4853.86,Yes
CUST0469,Male,43,51,One Year,UPI,Adult,55.44,2595.34,No
CUST0470,Female,60,15,Month-to-Month,UPI,Senior,115.1,1800.87,Yes
CUST0471,Male,44,68,Two Year,Credit Card,Adult,68.38,4437.01,Yes
CUST0472,Female,22,21,Month-to-Month,UPI,Young,87.84,1940.68,Yes
CUST0473,Male,37,13,Month-to-Month,Electronic Check,Adult,28.84,391.6,No
CUST0474,Female,28,19,One Year,UPI,Young,43.56,746.1,No
CUST0475,Male,27,34,Two Year,Bank Transfer,Young,144.44,4919.93,Yes
CUST0476,Female,57,68,Month-to-Month,Electronic Check,Senior,135.72,8563.22,No
CUST0477,Male,55,52,Two Year,Bank Transfer,Senior,104.8,5848.76,No
CUST0478,Female,23,27,Month-to-Month,UPI,Young,79.75,2313.27,No
CUST0479,Male,25,29,One Year,Electronic Check,Young,107.85,3076.57,No
CUST0480,Female,40,28,One Year,Credit Card,Adult,100.42,2780.49,No
CUST0481,Female,64,35,Month-to-Month,Bank Transfer,Senior,93.91,3157.53,No
CUST0482,Female,43,8,Month-to-Month,UPI,Adult,27.69,231.12,No
CUST0483,Male,63,16,One Year,Credit Card,Senior,102.26,1589.91,No
CUST0484,Female,60,36,Month-to-Month,Electronic Check,Senior,119.96,4118.0,No
CUST0485,Male,29,30,One Year,Electronic Check,Young,149.23,4416.22,No
CUST0486,Female,43,18,Month-to-Month,Credit Card,Adult,21.44,354.39,No
CUST0487,Male,30,2,Two Year,Credit Card,Adult,114.92,241.18,Yes
CUST0488,Female,57,49,One Year,UPI,Senior,94.33,4171.6,No
CUST0489,Male,35,4,Two Year,Electronic Check,Adult,76.43,314.55,No
CUST0490,Male,42,7,Month-to-Month,Bank Transfer,Adult,36.58,239.82,Yes
CUST0491,Female,50,39,One Year,Electronic Check,Senior,73.18,2701.28,No
CUST0492,Male,64,13,One Year,Electronic Check,Senior,66.07,882.21,No
CUST0493,Male,57,31,Month-to-Month,Credit Card,Senior,59.37,2021.92,No
CUST0494,Female,60,71,Month-to-Month,Credit Card,Senior,115.01,8619.26,No
CUST0495,Male,29,63,Month-to-Month,Bank Transfer,Young,111.09,6614.92,No
CUST0496,Male,61,56,One Year,UPI,Senior,96.57,5057.51,No
CUST0497,Male,53,42,Month-to-Month,Bank Transfer,Senior,142.03,6402.19,No
CUST0498,Female,65,61,Month-to-Month,UPI,Senior,65.48,3949.69,No
CUST0499,Male,21,42,One Year,UPI,Young,51.69,2013.39,No
CUST0500,Female,22,56,Month-to-Month,Credit Card,Young,105.27,6322.18,No
CUST0501,Male,54,36,Month-to-Month,UPI,Senior,45.85,1754.95,No
CUST0502,Male,25,68,Two Year,Bank Transfer,Young,60.95,4545.72,No
CUST0503,Male,59,7,Two Year,Electronic Check,Senior,49.2,372.62,No
CUST0504,Female,66,54,Month-to-Month,Bank Transfer,Senior,28.99,1675.6,Yes
CUST0505,Male,45,1,Month-to-Month,Electronic Check,Adult,127.57,116.15,Yes
CUST0506,Male,48,44,One Year,Credit Card,Adult,53.09,2151.15,No
CUST0507,Female,26,45,Month-to-Month,Bank Transfer,Young,81.49,3717.64,No
CUST0508,Male,68,47,Month-to-Month,Electronic Check,Senior,25.63,1212.19,Yes
CUST0509,Female,46,13,Month-to-Month,Electronic Check,Adult,110.91,1429.71,Yes
CUST0510,Female,31,22,Month-to-Month,UPI,Adult,62.97,1356.74,Yes
CUST0511,Male,57,21,One Year,Bank Transfer,Senior,116.82,2419.47,No
CUST0512,Female,58,9,Month-to-Month,Electronic Check,Senior,73.61,671.67,Yes
CUST0513,Male,39,26,One Year,Bank Transfer,Adult,45.45,1064.02,No
CUST0514,Female,28,9,Two Year,Credit Card,Young,86.71,743.04,No
CUST0515,Female,40,15,Month-to-Month,Credit Card,Adult,36.97,556.58,No
CUST0516,Male,18,10,One Year,UPI,Young,77.27,807.04,No
CUST0517,Female,63,42,Two Year,Bank Transfer,Senior,61.25,2404.85,No
CUST0518,Female,54,72,Month-to-Month,Credit Card,Senior,138.55,10069.13,No
CUST0519,Female,38,24,Month-to-Month,UPI,Adult,27.92,698.82,No
CUST0520,Female,43,49,One Year,UPI,Adult,110.22,5340.97,No
CUST0521,Female,63,26,One Year,Electronic Check,Senior,43.76,1030.15,No
CUST0522,Male,53,37,Two Year,Electronic Check,Senior,61.48,2251.68,No
CUST0523,Female,40,68,Month-to-Month,Electronic Check,Adult,74.02,4828.45,Yes
CUST0524,Male,18,50,Two Year,Bank Transfer,Young,138.04,7495.09,No
CUST0525,Female,68,24,Month-to-Month,Bank Transfer,Senior,51.54,1144.09,No
CUST0526,Male,57,19,Month-to-Month,Bank Transfer,Senior,31.87,624.0,No
CUST0527,Male,32,60,One Year,UPI,Adult,61.43,3356.08,No
CUST0528,Female,38,39,Month-to-Month,Bank Transfer,Adult,33.61,1296.68,No
CUST0529,Female,64,18,Month-to-Month,Electronic Check,Senior,36.72,668.1,No
CUST0530,Female,26,19,Month-to-Month,Electronic Check,Young,94.6,1724.77,Yes
CUST0531,Male,70,36,Month-to-Month,Credit Card,Senior,27.92,996.09,No
CUST0532,Female,26,55,Month-to-Month,Credit Card,Young,24.02,1232.2,Yes
CUST0533,Male,27,69,Two Year,Bank Transfer,Young,112.87,7482.93,Yes
CUST0534,Male,69,47,Month-to-Month,UPI,Senior,67.01,3225.75,No
CUST0535,Male,70,49,One Year,Electronic Check,Senior,36.3,1708.19,No
CUST0536,Female,43,33,One Year,Credit Card,Adult,52.97,1887.76,No
CUST0537,Female,58,21,Two Year,Bank Transfer,Senior,103.47,2228.67,No
CUST0538,Male,52,22,Month-to-Month,Credit Card,Senior,55.82,1212.97,No
CUST0539,Male,69,48,Two Year,Electronic Check,Senior,84.29,3672.69,No
CUST0540,Female,42,37,Month-to-Month,Credit Card,Adult,35.82,1325.22,No
CUST0541,Male,43,15,One Year,Electronic Check,Adult,96.45,1523.36,No
CUST0542,Female,28,35,One Year,UPI,Young,61.09,2037.9,No
CUST0543,Male,55,71,Two Year,Electronic Check,Senior,101.51,7649.41,No
CUST0544,Female,19,32,Month-to-Month,Credit Card,Young,125.09,3804.18,No
CUST0545,Male,24,11,One Year,Credit Card,Young,99.51,1165.49,No
CUST0546,Female,35,10,Month-to-Month,UPI,Adult,58.45,536.02,No
CUST0547,Male,44,57,One Year,Electronic Check,Adult,53.25,3257.54,Yes
CUST0548,Female,51,25,Two Year,Electronic Check,Senior,62.56,1563.75,No
CUST0549,Female,44,2,Month-to-Month,Electronic Check,Adult,41.4,79.43,No
CUST0550,Male,34,64,Two Year,Electronic Check,Adult,43.55,2656.26,No
CUST0551,Male,60,35,Month-to-Month,Electronic Check,Senior,122.79,4239.21,Yes
CUST0552,Female,61,7,Month-to-Month,Bank Transfer,Senior,70.02,539.06,Yes
CUST0553,Male,68,18,Month-to-Month,Electronic Check,Senior,76.68,1303.04,Yes
CUST0554,Female,41,67,Month-to-Month,Electronic Check,Adult,97.23,5997.45,No
CUST0555,Male,42,42,One Year,UPI,Adult,96.65,4128.34,No
CUST0556,Female,24,39,Month-to-Month,Credit Card,Young,28.76,1119.07,No
CUST0557,Female,69,41,Month-to-Month,Credit Card,Senior,128.1,5277.52,Yes
CUST0558,Female,23,24,Two Year,Electronic Check,Young,43.05,1067.7,No
CUST0559,Female,70,60,Two Year,UPI,Senior,114.0,6521.45,No
CUST0560,Female,41,46,Two Year,Electronic Check,Adult,120.45,5995.77,No
CUST0561,Female,50,19,Two Year,UPI,Senior,112.94,2118.25,No
CUST0562,Male,66,68,One Year,Bank Transfer,Senior,95.27,5997.78,No
CUST0563,Male,46,42,Month-to-Month,Electronic Check,Adult,21.9,964.37,No
CUST0564,Male,60,32,Month-to-Month,UPI,Senior,66.85,2200.43,No
CUST0565,Female,39,39,One Year,Electronic Check,Adult,98.63,3704.82,No
CUST0566,Female,43,36,Month-to-Month,Electronic Check,Adult,70.37,2594.89,No
CUST0567,Female,45,36,One Year,UPI,Adult,132.25,4494.25,No
CUST0568,Female,67,3,Month-to-Month,Bank Transfer,Senior,60.14,178.43,No
CUST0569,Male,38,8,Month-to-Month,Bank Transfer,Adult,58.16,502.45,No
CUST0570,Male,66,70,Month-to-Month,Electronic Check,Senior,54.58,3540.58,Yes
CUST0571,Female,24,41,One Year,Credit Card,Young,63.26,2534.89,No
CUST0572,Male,34,68,One Year,Bank Transfer,Adult,92.46,6691.1,No
CUST0573,Male,37,13,One Year,Electronic Check,Adult,111.91,1591.44,No
CUST0574,Female,58,49,Month-to-Month,Electronic Check,Senior,106.13,5152.45,Yes
CUST0575,Male,66,60,Month-to-Month,Electronic Check,Senior,125.0,7510.5,Yes
CUST0576,Female,37,2,Two Year,Electronic Check,Adult,135.17,274.24,No
CUST0577,Male,39,60,One Year,UPI,Adult,126.09,8219.58,Yes
CUST0578,Female,45,5,Month-to-Month,Credit Card,Adult,22.46,120.35,Yes
CUST0579,Female,57,44,Two Year,UPI,Senior,115.67,4754.19,No
CUST0580,Female,66,27,Month-to-Month,Credit Card,Senior,47.09,1255.35,No
CUST0581,Female,24,32,Month-to-Month,Bank Transfer,Young,,1184.37,No
CUST0582,Male,18,21,Month-to-Month,Electronic Check,Young,103.0,2288.06,No
CUST0583,Female,49,8,One Year,Credit Card,Adult,61.57,502.7,No
CUST0584,Female,30,72,One Year,Electronic Check,Adult,27.43,2035.88,No
CUST0585,Female,47,50,Month-to-Month,Electronic Check,Adult,37.89,2083.27,No
CUST0586,Male,40,67,Two Year,Credit Card,Adult,20.12,1233.45,No
CUST0587,Female,68,44,Month-to-Month,UPI,Senior,137.42,5711.52,No
CUST0588,Male,36,58,Month-to-Month,Bank Transfer,Adult,23.2,1320.81,No
CUST0589,Female,49,3,Month-to-Month,Electronic Check,Adult,47.23,137.38,No
CUST0590,Male,47,70,Month-to-Month,Electronic Check,Adult,74.11,4691.39,No
CUST0591,Male,46,2,Month-to-Month,Electronic Check,Adult,66.35,121.87,Yes
CUST0592,Female,66,44,One Year,Credit Card,Senior,138.52,6315.46,Yes
CUST0593,Male,62,2,Two Year,Bank Transfer,Senior,25.24,54.31,No
CUST0594,Female,46,35,Month-to-Month,UPI,Adult,86.59,3039.27,No
CUST0595,Female,47,30,Month-to-Month,Electronic Check,Adult,108.46,3279.3,No
CUST0596,Female,33,8,Month-to-Month,Credit Card,Adult,141.12,1073.66,Yes
CUST0597,Male,57,22,Month-to-Month,Credit Card,Senior,100.65,2332.93,No
CUST0598,Male,36,44,Month-to-Month,Bank Transfer,Adult,124.49,5753.4,No
CUST0599,Female,35,58,One Year,Credit Card,Adult,30.88,1822.69,No
CUST0600,Female,18,36,Month-to-Month,Bank Transfer,Young,70.17,2380.95,No
CUST0601,Male,31,69,One Year,Bank Transfer,Adult,68.61,4352.54,No
CUST0602,Female,68,31,Two Year,Electronic Check,Senior,135.22,3826.49,No
CUST0603,Female,64,47,Month-to-Month,Bank Transfer,Senior,39.68,1899.53,No
CUST0604,Female,67,55,Two Year,Electronic Check,Senior,39.75,2328.37,No
CUST0605,Male,19,62,One Year,Bank Transfer,Young,62.71,4166.66,No
CUST0606,Male,45,30,One Year,Credit Card,Adult,27.08,806.49,No
CUST0607,Male,66,55,Month-to-Month,Credit Card,Senior,43.72,2541.31,No
CUST0608,Female,67,16,Month-to-Month,UPI,Senior,145.48,2535.72,Yes
CUST0609,Female,47,12,Month-to-Month,UPI,Adult,75.66,867.09,Yes
CUST0610,Female,55,17,Month-to-Month,UPI,Senior,102.16,1701.28,Yes
CUST0611,Male,68,16,Month-to-Month,Credit Card,Senior,114.39,1988.18,No
CUST0612,Female,21,12,One Year,Bank Transfer,Young,67.7,786.12,No
CUST0613,Female,18,8,Month-to-Month,Credit Card,Young,39.14,339.04,No
CUST0614,Female,25,3,Two Year,UPI,Young,46.86,154.11,No
CUST0615,Female,46,16,One Year,Credit Card,Adult,60.72,1002.96,No
CUST0616,Male,56,30,Month-to-Month,UPI,Senior,102.69,3275.95,Yes
CUST0617,Male,20,23,Month-to-Month,UPI,Young,71.78,1733.34,No
CUST0618,Female,49,5,Two Year,Bank Transfer,Adult,20.89,108.62,No
CUST0619,Male,27,65,Two Year,Electronic Check,Young,88.04,5501.63,No
CUST0620,Male,27,30,One Year,Electronic Check,Young,139.8,3822.49,No
CUST0621,Female,36,21,Month-to-Month,UPI,Adult,125.57,2554.2,No
CUST0622,Female,63,70,Month-to-Month,Electronic Check,Senior,127.28,9207.07,Yes
CUST0623,Male,51,22,Month-to-Month,UPI,Senior,123.36,2498.18,No
CUST0624,Female,50,72,Month-to-Month,Credit Card,Senior,62.09,4034.09,No
CUST0625,Male,40,32,One Year,Credit Card,Adult,119.48,3547.84,No
CUST0626,Female,45,33,One Year,UPI,Adult,38.61,1329.11,No
CUST0627,Male,49,16,One Year,Bank Transfer,Adult,105.5,1847.62,No
CUST0628,Female,67,38,Two Year,Credit Card,Senior,103.4,4308.81,No
CUST0629,Male,24,14,One Year,Credit Card,Young,23.32,326.09,No
CUST0630,Male,46,36,Month-to-Month,Credit Card,Adult,122.44,4733.45,Yes
CUST0631,Male,25,23,Month-to-Month,Bank Transfer,Young,137.42,3310.37,No
CUST0632,Female,18,66,Two Year,Electronic Check,Young,54.76,3614.91,Yes
CUST0633,Male,20,2,Month-to-Month,UPI,Young,125.61,254.88,No
CUST0634,Male,41,65,Two Year,UPI,Adult,30.71,1851.32,No
CUST0635,Female,40,67,Two Year,Electronic Check,Adult,98.0,7140.74,No
CUST0636,Female,25,52,Month-to-Month,Bank Transfer,Young,83.13,4194.75,No
CUST0637,Male,64,62,One Year,Credit Card,Senior,90.97,5579.39,No
CUST0638,Male,54,23,Two Year,Electronic Check,Senior,140.41,3340.3,Yes
CUST0639,Female,20,26,One Year,UPI,Young,133.27,3349.91,No
CUST0640,Female,68,68,Two Year,Electronic Check,Senior,122.06,7892.15,No
CUST0641,Female,50,55,Two Year,Electronic Check,Senior,55.58,3137.02,No
CUST0642,Female,45,6,Month-to-Month,Credit Card,Adult,138.54,752.27,No
CUST0643,Female,64,35,Month-to-Month,Credit Card,Senior,32.68,1194.29,No
CUST0644,Male,25,22,Two Year,Credit Card,Young,130.93,2888.54,No
CUST0645,Female,51,43,One Year,Bank Transfer,Senior,62.66,2751.37,No
CUST0646,Male,52,15,Month-to-Month,Bank Transfer,Senior,26.99,415.53,Yes
CUST0647,Male,49,60,Month-to-Month,Bank Transfer,Adult,107.02,6455.94,No
CUST0648,Male,41,12,One Year,Electronic Check,Adult,50.07,610.76,No
CUST0649,Female,31,49,Two Year,Credit Card,Adult,51.66,2624.39,No
CUST0650,Male,49,42,Two Year,Electronic Check,Adult,59.79,2638.31,No
CUST0651,Male,63,38,One Year,Electronic Check,Senior,28.28,1123.53,No
CUST0652,Female,60,45,Month-to-Month,Credit Card,Senior,43.03,2079.49,No
CUST0653,Male,33,35,Month-to-Month,Electronic Check,Adult,20.67,678.52,No
CUST0654,Male,21,30,Two Year,Electronic Check,Young,77.9,2290.8,Yes
CUST0655,Female,69,30,Month-to-Month,Electronic Check,Senior,30.95,1011.66,No
CUST0656,Male,54,6,Month-to-Month,UPI,Senior,108.74,638.95,No
CUST0657,Male,38,67,Month-to-Month,UPI,Adult,50.63,3137.71,No
CUST0658,Male,31,7,One Year,Bank Transfer,Adult,142.66,1003.7,No
CUST0659,Female,48,52,Two Year,UPI,Adult,133.26,6388.31,No
CUST0660,Female,65,14,Month-to-Month,Bank Transfer,Senior,57.63,758.87,Yes
CUST0661,Female,35,15,Month-to-Month,Credit Card,Adult,121.82,2009.42,No
CUST0662,Male,24,21,One Year,Electronic Check,Young,124.42,2634.43,No
CUST0663,Male,27,35,Two Year,Bank Transfer,Young,148.25,4964.66,Yes
CUST0664,Female,24,66,Month-to-Month,Bank Transfer,Young,97.72,7087.73,No
CUST0665,Male,50,2,Month-to-Month,Bank Transfer,Senior,30.66,67.04,Yes
CUST0666,Male,40,35,Month-to-Month,Bank Transfer,Adult,104.09,3599.97,No
CUST0667,Female,38,20,Two Year,Credit Card,Adult,101.25,1927.96,No
CUST0668,Female,36,10,Month-to-Month,Bank Transfer,Adult,102.99,1099.6,No
CUST0669,Male,65,25,Month-to-Month,UPI,Senior,59.93,1562.86,No
CUST0670,Male,36,66,One Year,Credit Card,Adult,131.76,9021.29,No
CUST0671,Male,53,25,One Year,Bank Transfer,Senior,144.73,3902.73,No
CUST0672,Female,46,54,Month-to-Month,Credit Card,Adult,48.3,2707.01,No
CUST0673,Female,35,33,Two Year,Bank Transfer,Adult,31.46,993.29,No
CUST0674,Female,19,36,Month-to-Month,Bank Transfer,Young,45.29,1693.66,No
CUST0675,Female,18,14,One Year,Electronic Check,Young,126.67,1704.51,No
CUST0676,Male,64,65,Month-to-Month,Bank Transfer,Senior,107.96,7381.24,Yes
CUST0677,Female,22,54,One Year,Electronic Check,Young,102.69,5678.07,Yes
CUST0678,Female,37,52,Month-to-Month,Bank Transfer,Adult,72.23,3438.51,No
CUST0679,Female,28,3,Two Year,Credit Card,Young,95.12,286.09,No
CUST0680,Female,59,41,One Year,Bank Transfer,Senior,60.02,2383.7,No
CUST0681,Female,19,6,One Year,Electronic Check,Young,82.04,475.36,No
CUST0682,Male,20,25,One Year,Bank Transfer,Young,123.1,3140.44,No
CUST0683,Male,40,13,One Year,Electronic Check,Adult,147.56,1850.11,No
CUST0684,Female,29,8,Month-to-Month,UPI,Young,141.22,1192.32,Yes
CUST0685,Male,37,21,Month-to-Month,UPI,Adult,141.4,2714.5,Yes
CUST0686,Female,22,68,Two Year,UPI,Young,72.29,5073.4,No
CUST0687,Female,54,25,Month-to-Month,Bank Transfer,Senior,80.94,2148.63,No
CUST0688,Male,55,68,One Year,Bank Transfer,Senior,111.73,7860.26,No
CUST0689,Male,47,45,Two Year,Electronic Check,Adult,139.88,6291.11,No
CUST0690,Female,26,60,Month-to-Month,Electronic Check,Young,38.46,2515.43,No
CUST0691,Female,51,12,One Year,Credit Card,Senior,59.55,686.01,No
CUST0692,Female,70,32,Month-to-Month,Bank Transfer,Senior,38.1,1101.95,Yes
CUST0693,Male,61,13,One Year,UPI,Senior,99.56,1276.68,No
CUST0694,Female,52,31,Month-to-Month,Electronic Check,Senior,59.82,1681.22,No
CUST0695,Female,69,20,Month-to-Month,UPI,Senior,62.39,1361.08,No
CUST0696,Female,39,18,One Year,Bank Transfer,Adult,29.22,495.45,No
CUST0697,Male,61,60,Two Year,Bank Transfer,Senior,65.47,4155.19,No
CUST0698,Female,41,63,One Year,Electronic Check,Adult,132.12,8780.64,Yes
CUST0699,Female,34,6,Month-to-Month,Electronic Check,Adult,50.3,284.76,Yes
CUST0700,Male,27,32,Month-to-Month,Credit Card,Young,110.37,3617.47,No
CUST0701,Female,47,43,One Year,Bank Transfer,Adult,101.85,3983.71,No
CUST0702,Female,63,2,Month-to-Month,Electronic Check,Senior,132.25,263.63,Yes
CUST0703,Male,40,60,Two Year,Credit Card,Adult,37.2,2015.34,No
CUST0704,Female,49,23,Two Year,UPI,Adult,147.09,3668.02,No
CUST0705,Male,34,31,One Year,UPI,Adult,95.74,3250.54,No
CUST0706,Male,67,5,Two Year,UPI,Senior,149.41,705.56,Yes
CUST0707,Female,68,34,Month-to-Month,Credit Card,Senior,138.5,4434.09,No
CUST0708,Female,34,10,One Year,Electronic Check,Adult,48.8,512.76,Yes
CUST0709,Female,31,2,Month-to-Month,Bank Transfer,Adult,27.3,51.91,No
CUST0710,Female,26,11,Two Year,Credit Card,Young,53.23,631.8,No
CUST0711,Male,57,50,Month-to-Month,Electronic Check,Senior,88.58,4494.49,No
CUST0712,Female,19,31,One Year,Electronic Check,Young,42.31,1272.47,No
CUST0713,Male,62,56,Two Year,Credit Card,Senior,41.77,2494.76,No
CUST0714,Female,42,9,Month-to-Month,Electronic Check,Adult,80.14,720.31,Yes
CUST0715,Female,56,21,Month-to-Month,Electronic Check,Senior,24.32,552.77,No
CUST0716,Female,26,28,One Year,Electronic Check,Young,35.85,1089.73,No
CUST0717,Male,39,62,Month-to-Month,Electronic Check,Adult,74.06,4284.46,No
CUST0718,Female,60,7,Month-to-Month,Bank Transfer,Senior,28.21,177.81,Yes
CUST0719,Female,63,16,Month-to-Month,Credit Card,Senior,71.58,1256.13,No
CUST0720,Female,21,4,Month-to-Month,Bank Transfer,Young,81.62,353.0,Yes
CUST0721,Female,43,4,Two Year,Electronic Check,Adult,78.66,286.67,Yes
CUST0722,Male,46,40,One Year,Electronic Check,Adult,132.99,5673.92,Yes
CUST0723,Female,62,17,Month-to-Month,Bank Transfer,Senior,88.91,1498.71,No
CUST0724,Male,51,52,Month-to-Month,Credit Card,Senior,80.84,4001.03,No
CUST0725,Male,40,52,Month-to-Month,Credit Card,Adult,73.39,4105.36,No
CUST0726,Male,54,36,Month-to-Month,Credit Card,Senior,126.29,4270.62,Yes
CUST0727,Male,28,38,Month-to-Month,UPI,Young,136.36,5645.23,Yes
CUST0728,Male,23,50,Month-to-Month,Electronic Check,Young,130.92,6160.6,Yes
CUST0729,Male,35,63,Month-to-Month,Credit Card,Adult,107.56,6930.35,No
CUST0730,Female,38,63,One Year,Bank Transfer,Adult,37.86,2253.08,No
CUST0731,Male,59,62,Month-to-Month,Credit Card,Senior,55.99,3503.09,No
CUST0732,Male,53,7,One Year,Electronic Check,Senior,25.99,188.62,Yes
CUST0733,Male,58,27,One Year,Credit Card,Senior,141.01,3571.39,Yes
CUST0734,Female,55,14,One Year,Bank Transfer,Senior,105.9,1488.79,Yes
CUST0735,Female,51,71,One Year,Electronic Check,Senior,117.03,8257.71,Yes
CUST0736,Male,34,5,Month-to-Month,Electronic Check,Adult,60.5,276.55,No
CUST0737,Female,54,55,Two Year,Electronic Check,Senior,129.93,7601.09,Yes
CUST0738,Male,42,2,One Year,UPI,Adult,53.75,103.97,No
CUST0739,Male,55,62,Month-to-Month,Electronic Check,Senior,20.21,1271.71,No
CUST0740,Female,29,21,Two Year,UPI,Young,68.93,1451.81,No
CUST0741,Male,40,21,One Year,Credit Card,Adult,94.2,1983.45,No
CUST0742,Female,70,10,Month-to-Month,UPI,Senior,82.23,757.7,No
CUST0743,Female,59,58,Month-to-Month,UPI,Senior,132.07,7542.83,Yes
CUST0744,Male,39,39,Month-to-Month,Credit Card,Adult,33.7,1301.78,No
CUST0745,Male,38,5,Two Year,Electronic Check,Adult,92.0,481.5,No
CUST0746,Female,44,65,One Year,Electronic Check,Adult,86.69,6018.04,Yes
CUST0747,Male,48,13,Two Year,Electronic Check,Adult,56.58,742.16,No
CUST0748,Male,23,53,One Year,Bank Transfer,Young,126.89,6169.38,No
CUST0749,Male,44,45,Month-to-Month,Electronic Check,Adult,117.87,5024.99,No
CUST0750,Female,57,32,Month-to-Month,Electronic Check,Senior,115.27,3441.45,Yes
CUST0751,Female,51,36,One Year,Credit Card,Senior,133.91,4458.83,Yes
CUST0752,Male,29,60,One Year,UPI,Young,113.96,6654.21,No
CUST0753,Female,62,11,Two Year,Electronic Check,Senior,50.14,521.69,Yes
CUST0754,Female,70,63,Month-to-Month,Electronic Check,Senior,111.72,6641.82,No
CUST0755,Female,24,21,Month-to-Month,Electronic Check,Young,60.0,1147.78,No
CUST0756,Female,27,52,One Year,UPI,Young,51.48,2418.72,No
CUST0757,Female,62,55,One Year,Bank Transfer,Senior,29.49,1493.09,No
CUST0758,Male,34,26,One Year,Electronic Check,Adult,116.72,2835.76,No
CUST0759,Male,43,68,One Year,Electronic Check,Adult,112.43,7539.71,Yes
CUST0760,Male,38,34,Month-to-Month,Electronic Check,Adult,50.48,1719.93,No
CUST0761,Female,45,52,One Year,Electronic Check,Adult,117.42,5666.94,No
CUST0762,Female,63,52,One Year,UPI,Senior,139.32,7135.66,No
CUST0763,Male,19,29,Two Year,Bank Transfer,Young,34.04,955.92,No
CUST0764,Female,60,38,Two Year,Credit Card,Senior,50.24,1788.24,No
CUST0765,Male,18,42,Month-to-Month,UPI,Young,117.53,4449.39,No
CUST0766,Male,68,21,Month-to-Month,Electronic Check,Senior,55.69,1161.78,No
CUST0767,Male,70,42,Two Year,Bank Transfer,Senior,101.21,4408.65,No
CUST0768,Female,53,13,Month-to-Month,UPI,Senior,30.55,375.41,No
CUST0769,Female,68,64,Two Year,Credit Card,Senior,78.79,4671.23,No
CUST0770,Male,43,17,Month-to-Month,Bank Transfer,Adult,116.08,2126.11,Yes
CUST0771,Male,46,9,One Year,Electronic Check,Adult,109.25,939.01,No
CUST0772,Male,38,41,Two Year,Electronic Check,Adult,125.96,4878.89,No
CUST0773,Male,28,1,Two Year,Electronic Check,Young,134.07,143.65,Yes
CUST0774,Female,57,2,Month-to-Month,Credit Card,Senior,120.51,256.31,No
CUST0775,Female,28,60,One Year,Bank Transfer,Young,107.31,6372.08,No
CUST0776,Male,53,48,Month-to-Month,UPI,Senior,24.12,1155.27,Yes
CUST0777,Male,66,29,Month-to-Month,Bank Transfer,Senior,89.55,2450.35,No
CUST0778,Female,56,10,One Year,UPI,Senior,24.9,228.0,No
CUST0779,Female,57,58,One Year,UPI,Senior,125.05,7359.42,Yes
CUST0780,Male,52,60,Two Year,Electronic Check,Senior,61.69,3404.06,No
CUST0781,Male,51,21,Month-to-Month,Credit Card,Senior,93.12,1935.68,No
CUST0782,Male,64,28,Month-to-Month,Electronic Check,Senior,56.33,1716.19,Yes
CUST0783,Female,41,34,Month-to-Month,Bank Transfer,Adult,121.73,4513.66,No
CUST0784,Female,39,8,Month-to-Month,UPI,Adult,135.25,1025.59,No
CUST0785,Female,22,59,Month-to-Month,Electronic Check,Young,71.82,4342.56,No
CUST0786,Male,50,72,One Year,Bank Transfer,Senior,132.18,9467.62,No
CUST0787,Male,53,49,Month-to-Month,Bank Transfer,Senior,54.72,2882.74,No
CUST0788,Female,64,17,Two Year,Credit Card,Senior,89.51,1452.11,No
CUST0789,Female,37,60,Two Year,Credit Card,Adult,131.64,7114.41,No
CUST0790,Male,36,45,One Year,Credit Card,Adult,62.36,2616.82,No
CUST0791,Female,52,69,Two Year,Electronic Check,Senior,144.03,9638.98,No
CUST0792,Female,69,32,One Year,Electronic Check,Senior,35.84,1104.61,Yes
CUST0793,Male,60,44,Month-to-Month,Electronic Check,Senior,22.38,1042.1,No
CUST0794,Female,34,65,Month-to-Month,Credit Card,Adult,137.54,9262.95,No
CUST0795,Male,62,8,Month-to-Month,Electronic Check,Senior,28.92,222.09,Yes
CUST0796,Male,60,72,One Year,UPI,Senior,148.95,10633.77,Yes
CUST0797,Male,51,43,Two Year,Credit Card,Senior,143.68,5678.49,No
CUST0798,Male,26,1,Month-to-Month,Bank Transfer,Young,37.81,40.82,No
CUST0799,Male,43,51,Two Year,Credit Card,Adult,89.89,4983.62,No
CUST0800,Male,19,24,One Year,Credit Card,Young,44.04,1158.39,No
CUST0801,Male,70,24,Month-to-Month,UPI,Senior,75.66,1949.69,No
CUST0802,Female,26,17,Two Year,Electronic Check,Young,27.99,444.8,No
CUST0803,Male,26,5,Month-to-Month,Electronic Check,Young,49.11,223.26,Yes
CUST0804,Male,57,20,Month-to-Month,Bank Transfer,Senior,67.23,1366.01,No
CUST0805,Female,34,21,One Year,Electronic Check,Adult,77.02,1750.89,No
CUST0806,Female,18,58,Month-to-Month,Electronic Check,Young,147.07,7979.62,No
CUST0807,Female,42,31,One Year,Credit Card,Adult,125.02,3493.52,No
CUST0808,Male,60,11,Month-to-Month,Electronic Check,Senior,115.86,1352.33,Yes
CUST0809,Female,57,52,Month-to-Month,,Senior,89.82,4275.31,No
CUST0810,Male,59,15,Two Year,Electronic Check,Senior,129.2,1904.55,No
CUST0811,Male,42,7,Month-to-Month,UPI,Adult,64.11,464.83,Yes
CUST0812,Male,56,28,Month-to-Month,Bank Transfer,Senior,112.16,2975.16,Yes
CUST0813,Male,52,51,Month-to-Month,Bank Transfer,Senior,149.19,6975.59,No
CUST0814,Female,20,58,Two Year,Bank Transfer,Young,60.9,3722.95,No
CUST0815,Female,67,5,Month-to-Month,UPI,Senior,107.62,552.11,Yes
CUST0816,Male,54,5,Month-to-Month,Electronic Check,Senior,129.76,712.19,No
CUST0817,Male,61,8,Month-to-Month,UPI,Senior,139.05,1077.76,Yes
CUST0818,Male,61,64,Month-to-Month,Bank Transfer,Senior,113.33,6617.4,Yes
CUST0819,Female,68,10,Two Year,Bank Transfer,Senior,56.87,595.35,Yes
CUST0820,Male,47,38,One Year,Credit Card,Adult,62.42,2382.27,No
CUST0821,Male,55,8,Month-to-Month,Electronic Check,Senior,22.7,171.18,No
CUST0822,Female,51,25,One Year,Credit Card,Senior,118.92,3140.52,No
CUST0823,Female,29,66,Month-to-Month,Bank Transfer,Young,25.56,1587.01,No
CUST0824,Male,36,50,Two Year,Electronic Check,Adult,132.4,6303.12,No
CUST0825,Female,54,67,Two Year,Bank Transfer,Senior,35.43,2180.36,No
CUST0826,Female,61,49,Month-to-Month,Electronic Check,Senior,42.34,2032.93,No
CUST0827,Male,66,36,Two Year,Electronic Check,Senior,81.95,2902.36,No
CUST0828,Female,34,68,One Year,Electronic Check,Adult,115.92,7905.52,No
CUST0829,Male,27,41,Month-to-Month,Electronic Check,Young,38.07,1626.1,Yes
CUST0830,Female,66,62,Month-to-Month,Credit Card,Senior,77.21,5175.82,Yes
CUST0831,Male,64,10,Month-to-Month,Electronic Check,Senior,82.77,767.73,Yes
CUST0832,Male,29,21,One Year,UPI,Young,47.6,910.51,No
CUST0833,Male,33,36,Two Year,Credit Card,Adult,35.02,1139.32,No
CUST0834,Female,41,12,One Year,Electronic Check,Adult,128.73,1434.66,No
CUST0835,Male,36,2,Two Year,Bank Transfer,Adult,85.32,176.03,Yes
CUST0836,Female,25,13,One Year,UPI,Young,21.87,297.24,No
CUST0837,Male,48,53,Two Year,Bank Transfer,Adult,124.39,6970.44,No
CUST0838,Male,38,32,One Year,Electronic Check,Adult,147.5,4478.06,No
CUST0839,Female,34,16,Month-to-Month,UPI,Adult,98.77,1518.97,No
CUST0840,Male,40,32,One Year,Bank Transfer,Adult,85.48,2726.13,No
CUST0841,Male,54,32,Two Year,Electronic Check,Senior,134.19,3918.93,No
CUST0842,Female,33,11,Month-to-Month,Electronic Check,Adult,143.83,1617.3,No
CUST0843,Male,23,10,Two Year,Credit Card,Young,118.09,1295.15,No
CUST0844,Male,25,15,Month-to-Month,Electronic Check,Young,77.91,1136.12,Yes
CUST0845,Male,42,17,Month-to-Month,UPI,Adult,96.99,1732.21,Yes
CUST0846,Male,35,40,Two Year,Credit Card,Adult,111.12,4444.83,No
CUST0847,Female,42,18,Month-to-Month,UPI,Adult,45.26,754.04,Yes
CUST0848,Female,29,55,Month-to-Month,Credit Card,Young,,4368.39,No
CUST0849,Male,32,25,Month-to-Month,Electronic Check,Adult,127.88,3069.04,Yes
CUST0850,Female,43,59,Two Year,Electronic Check,Adult,105.11,5624.01,No
CUST0851,Male,58,22,Month-to-Month,Credit Card,Senior,73.46,1659.73,No
CUST0852,Female,62,30,Two Year,Bank Transfer,Senior,106.24,3416.0,No
CUST0853,Male,43,44,Month-to-Month,Bank Transfer,Adult,35.37,1507.96,No
CUST0854,Male,64,32,Two Year,Electronic Check,Senior,72.19,2259.39,No
CUST0855,Male,49,51,Two Year,Electronic Check,Adult,123.11,6769.62,No
CUST0856,Male,27,46,Month-to-Month,Electronic Check,Young,48.67,2379.24,Yes
CUST0857,Male,33,21,Month-to-Month,Bank Transfer,Adult,44.17,967.45,No
CUST0858,Male,24,32,Month-to-Month,Electronic Check,Young,143.61,4364.64,Yes
CUST0859,Female,34,39,One Year,Credit Card,Adult,47.29,1995.62,No
CUST0860,Male,40,12,Month-to-Month,Bank Transfer,Adult,53.92,602.32,No
CUST0861,Female,43,47,Month-to-Month,UPI,Adult,146.05,7038.39,No
CUST0862,Male,38,18,Month-to-Month,Electronic Check,Adult,115.51,1883.24,No
CUST0863,Female,39,21,Month-to-Month,Electronic Check,Adult,110.95,2396.92,No
CUST0864,Female,24,13,Month-to-Month,Bank Transfer,Young,130.88,1625.6,No
CUST0865,Female,31,21,One Year,Bank Transfer,Adult,35.06,728.85,No
CUST0866,Male,32,8,Two Year,Electronic Check,Adult,111.77,866.49,Yes
CUST0867,Male,70,46,Month-to-Month,UPI,Senior,85.48,3674.73,No
CUST0868,Female,24,7,One Year,UPI,Young,127.79,916.35,No
CUST0869,Male,26,23,Month-to-Month,Electronic Check,Young,86.06,2130.59,No
CUST0870,Female,68,22,Two Year,Electronic Check,Senior,100.63,2417.13,No
CUST0871,Male,65,22,Two Year,Credit Card,Senior,82.11,1695.27,No
CUST0872,Female,25,29,Two Year,Bank Transfer,Young,82.16,2486.22,No
CUST0873,Female,67,13,Two Year,Electronic Check,Senior,119.84,1609.13,No
CUST0874,Male,40,2,Month-to-Month,Bank Transfer,Adult,101.71,197.05,Yes
CUST0875,Female,46,29,Two Year,Bank Transfer,Adult,102.32,2681.89,No
CUST0876,Male,35,52,One Year,Electronic Check,Adult,78.54,4239.1,No
CUST0877,Female,48,27,Month-to-Month,Bank Transfer,Adult,89.04,2618.28,No
CUST0878,Female,47,50,Two Year,UPI,Adult,116.94,6001.5,No
CUST0879,Male,69,23,Month-to-Month,Electronic Check,Senior,127.37,2891.6,Yes
CUST0880,Male,56,44,One Year,Electronic Check,Senior,110.55,4888.67,Yes
CUST0881,Male,52,22,Month-to-Month,Credit Card,Senior,140.13,2897.66,No
CUST0882,Female,35,43,Month-to-Month,UPI,Adult,126.64,5718.39,No
CUST0883,Male,59,37,One Year,UPI,Senior,93.04,3612.14,No
CUST0884,Female,56,61,One Year,Credit Card,Senior,107.28,6080.13,No
CUST0885,Female,34,56,Month-to-Month,Bank Transfer,Adult,140.42,8457.97,No
CUST0886,Male,31,3,Month-to-Month,Credit Card,Adult,100.49,287.55,Yes
CUST0887,Male,48,63,Two Year,Credit Card,Adult,127.22,8787.9,No
CUST0888,Female,41,19,Month-to-Month,Electronic Check,Adult,109.55,2032.7,Yes
CUST0889,Female,52,23,Month-to-Month,Electronic Check,Senior,91.75,1974.3,Yes
CUST0890,Male,61,29,Two Year,Electronic Check,Senior,51.44,1447.52,No
CUST0891,Male,62,30,Two Year,Credit Card,Senior,75.38,2234.34,No
CUST0892,Male,51,39,Month-to-Month,Electronic Check,Senior,145.81,5196.76,Yes
CUST0893,Male,20,25,One Year,UPI,Young,105.51,2679.01,No
CUST0894,Male,54,8,Two Year,Electronic Check,Senior,93.37,761.55,Yes
CUST0895,Female,60,58,Two Year,Electronic Check,Senior,141.28,8585.81,No
CUST0896,Female,57,16,Month-to-Month,Credit Card,Senior,96.25,1394.98,Yes
CUST0897,Female,43,72,Month-to-Month,,Adult,88.39,6416.57,No
CUST0898,Female,40,1,Month-to-Month,Electronic Check,Adult,118.71,108.1,No
CUST0899,Male,61,5,Month-to-Month,Electronic Check,Senior,112.65,585.91,Yes
CUST0900,Male,56,3,One Year,UPI,Senior,45.11,123.31,Yes
CUST0901,Male,32,65,Month-to-Month,Electronic Check,Adult,81.27,5717.54,Yes
CUST0902,Female,66,4,One Year,Electronic Check,Senior,81.43,338.88,No
CUST0903,Female,21,64,Month-to-Month,UPI,Young,69.17,4433.42,No
CUST0904,Male,46,10,Month-to-Month,Electronic Check,Adult,87.25,862.29,Yes
CUST0905,Male,39,21,Two Year,Credit Card,Adult,73.7,1433.38,No
CUST0906,Female,42,46,Month-to-Month,Credit Card,Adult,45.91,2023.58,Yes
CUST0907,Female,30,27,Month-to-Month,Electronic Check,Adult,73.61,2134.13,No
CUST0908,Male,35,66,Two Year,Electronic Check,Adult,29.4,2097.36,No
CUST0909,Male,50,41,Month-to-Month,Electronic Check,Senior,94.85,3500.55,No
CUST0910,Female,33,13,One Year,Electronic Check,Adult,130.98,1734.8,No
CUST0911,Male,62,9,One Year,Electronic Check,Senior,114.29,1073.72,No
CUST0912,Male,59,36,Month-to-Month,Bank Transfer,Senior,66.85,2463.76,No
CUST0913,Male,61,58,Two Year,Credit Card,Senior,31.32,1664.58,No
CUST0914,Female,19,54,Month-to-Month,Credit Card,Young,46.28,2358.03,No
CUST0915,Female,52,12,Month-to-Month,UPI,Senior,90.91,1036.45,Yes
CUST0916,Female,59,14,Month-to-Month,Bank Transfer,Senior,46.92,700.46,Yes
CUST0917,Female,51,34,Month-to-Month,Electronic Check,Senior,90.72,3061.78,No
CUST0918,Female,47,53,Two Year,UPI,Adult,50.11,2648.83,No
CUST0919,Female,30,20,Month-to-Month,Electronic Check,Adult,130.36,2833.97,No
CUST0920,Female,30,16,Month-to-Month,Electronic Check,Adult,71.65,1177.83,No
CUST0921,Male,35,70,Month-to-Month,Bank Transfer,Adult,51.92,3924.18,No
CUST0922,Male,49,56,One Year,Credit Card,Adult,125.6,6972.42,No
CUST0923,Male,49,58,Month-to-Month,Credit Card,Adult,64.57,3482.48,No
CUST0924,Male,52,4,Month-to-Month,Electronic Check,Senior,34.49,149.82,No
CUST0925,Male,56,4,One Year,Credit Card,Senior,94.15,373.49,No
CUST0926,Male,63,20,Month-to-Month,Electronic Check,Senior,95.6,1790.26,Yes
CUST0927,Male,69,10,Month-to-Month,UPI,Senior,112.91,1084.48,No
CUST0928,Female,46,24,Month-to-Month,Electronic Check,Adult,51.23,1119.06,No
CUST0929,Female,66,26,Month-to-Month,UPI,Senior,77.69,2007.13,No
CUST0930,Male,46,37,Two Year,Credit Card,Adult,56.71,2246.46,Yes
CUST0931,Male,70,54,Month-to-Month,UPI,Senior,30.52,1791.0,Yes
CUST0932,Female,61,21,Month-to-Month,Bank Transfer,Senior,133.96,3056.56,No
CUST0933,Male,33,38,Month-to-Month,Bank Transfer,Adult,114.75,4033.66,No
CUST0934,Male,61,46,One Year,Electronic Check,Senior,59.19,2658.51,No
CUST0935,Female,64,4,One Year,Electronic Check,Senior,97.92,354.72,No
CUST0936,Male,27,60,Month-to-Month,Electronic Check,Young,46.16,2966.33,No
CUST0937,Female,47,57,One Year,UPI,Adult,135.73,7518.06,No
CUST0938,Male,42,45,One Year,UPI,Adult,34.94,1613.53,Yes
CUST0939,Female,56,20,Two Year,Credit Card,Senior,20.5,427.62,No
CUST0940,Female,37,17,Two Year,Electronic Check,Adult,85.26,1429.08,No
CUST0941,Female,22,71,Month-to-Month,Credit Card,Young,95.81,6539.17,Yes
CUST0942,Male,18,4,Month-to-Month,Bank Transfer,Young,95.27,416.31,No
CUST0943,Female,47,14,Month-to-Month,Credit Card,Adult,27.09,414.49,No
CUST0944,Male,66,3,Month-to-Month,Bank Transfer,Senior,60.83,174.8,No
CUST0945,Male,20,58,Two Year,UPI,Young,84.9,4904.13,No
CUST0946,Male,62,55,Month-to-Month,Electronic Check,Senior,48.16,2899.29,No
CUST0947,Male,31,4,Month-to-Month,Credit Card,Adult,133.44,480.9,Yes
CUST0948,Female,47,24,One Year,Credit Card,Adult,31.32,738.55,No
CUST0949,Female,67,34,Month-to-Month,Electronic Check,Senior,83.36,2607.76,No
CUST0950,Male,21,30,Month-to-Month,Electronic Check,Young,109.88,3302.44,No
CUST0951,Male,35,19,Month-to-Month,Electronic Check,Adult,54.03,928.98,No
CUST0952,Female,54,31,Month-to-Month,UPI,Senior,101.15,3077.26,Yes
CUST0953,Male,42,60,One Year,Credit Card,Adult,127.82,7240.8,Yes
CUST0954,Female,65,60,Month-to-Month,Credit Card,Senior,44.74,2702.28,No
CUST0955,Male,18,19,Month-to-Month,UPI,Young,139.24,2908.0,Yes
CUST0956,Male,70,49,Month-to-Month,Bank Transfer,Senior,91.96,4776.89,No
CUST0957,Female,63,63,Month-to-Month,Electronic Check,Senior,58.9,3967.21,No
CUST0958,Male,32,22,One Year,Credit Card,Adult,76.01,1717.46,No
CUST0959,Female,26,24,Month-to-Month,Credit Card,Young,60.58,1320.61,No
CUST0960,Male,32,30,Month-to-Month,Bank Transfer,Adult,114.26,3226.79,No
CUST0961,Male,66,58,Two Year,Bank Transfer,Senior,123.52,7773.21,No
CUST0962,Male,41,31,One Year,Bank Transfer,Adult,128.28,3870.19,Yes
CUST0963,Female,21,64,Month-to-Month,Electronic Check,Young,148.15,8729.97,Yes
CUST0964,Male,29,19,One Year,UPI,Young,122.87,2429.03,No
CUST0965,Male,54,48,One Year,Electronic Check,Senior,98.18,4523.62,No
CUST0966,Male,54,45,One Year,Electronic Check,Senior,64.1,2751.15,Yes
CUST0967,Male,60,55,Month-to-Month,Electronic Check,Senior,90.8,5491.38,No
CUST0968,Female,23,55,Two Year,Electronic Check,Young,25.34,1493.53,No
CUST0969,Female,56,18,Month-to-Month,Electronic Check,Senior,116.83,2064.22,No
CUST0970,Male,63,63,Month-to-Month,UPI,Senior,77.97,5383.93,Yes
CUST0971,Female,41,47,Month-to-Month,UPI,Adult,22.6,1094.09,No
CUST0972,Male,28,57,Month-to-Month,Electronic Check,Young,28.13,1681.02,Yes
CUST0973,Male,30,45,Two Year,Electronic Check,Adult,70.37,2869.94,No
CUST0974,Male,51,33,Month-to-Month,Electronic Check,Senior,95.84,2923.37,No
CUST0975,Female,42,17,Month-to-Month,Electronic Check,Adult,80.35,1402.31,No
CUST0976,Female,24,70,Two Year,Electronic Check,Young,100.5,7596.43,No
CUST0977,Female,69,4,Month-to-Month,UPI,Senior,82.44,337.92,Yes
CUST0978,Female,21,20,Month-to-Month,Electronic Check,Young,106.02,1965.2,Yes
CUST0979,Female,25,47,Month-to-Month,Credit Card,Young,48.49,2103.89,No
CUST0980,Female,37,15,Month-to-Month,Electronic Check,Adult,34.67,555.85,Yes
CUST0981,Female,46,70,Month-to-Month,UPI,Adult,97.54,6335.25,No
CUST0982,Female,70,47,One Year,Bank Transfer,Senior,83.01,3917.26,No
CUST0983,Female,68,9,Month-to-Month,UPI,Senior,23.49,191.84,No
CUST0984,Male,62,16,Month-to-Month,Bank Transfer,Senior,69.46,1018.15,No
CUST0985,Female,63,69,One Year,Electronic Check,Senior,33.8,2412.59,No
CUST0986,Female,27,61,One Year,Electronic Check,Young,89.08,5639.48,No
CUST0987,Female,60,10,Month-to-Month,Bank Transfer,Senior,71.45,691.85,No
CUST0988,Female,51,50,Month-to-Month,Credit Card,Senior,99.71,4701.93,No
CUST0989,Female,43,3,Month-to-Month,Credit Card,Adult,124.73,397.67,Yes
CUST0990,Female,58,70,Month-to-Month,Electronic Check,Senior,58.96,3893.69,Yes
CUST0991,Female,66,51,Month-to-Month,Electronic Check,Senior,145.07,7460.76,No
CUST0992,Female,20,19,Month-to-Month,Credit Card,Young,89.63,1862.44,No
CUST0993,Female,23,42,Two Year,Credit Card,Young,100.38,3919.03,No
CUST0994,Female,22,35,Month-to-Month,Bank Transfer,Young,108.49,4131.96,Yes
CUST0995,Female,22,46,One Year,Electronic Check,Young,106.68,4596.05,Yes
CUST0996,Male,64,26,Month-to-Month,Credit Card,Senior,86.43,2277.49,No
CUST0997,Male,40,69,One Year,Electronic Check,Adult,75.74,5097.51,No
CUST0998,Female,66,64,One Year,Electronic Check,Senior,26.99,1887.98,Yes
CUST0999,Female,26,37,Two Year,Credit Card,Young,22.87,807.86,No
CUST1000,Male,52,49,Month-to-Month,Electronic Check,Senior,66.53,3194.55,No
CUST0001,Male,34,20,Month-to-Month,Credit Card,Adult,48.83,944.11,No
CUST0002,Female,26,61,Two Year,Credit Card,Young,61.28,3654.12,No
CUST0003,Male,50,35,One Year,Bank Transfer,Senior,53.72,1744.21,No
CUST0004,Male,70,50,One Year,Credit Card,Senior,31.39,1644.26,No
CUST0005,Male,37,62,Month-to-Month,Credit Card,Adult,31.69,2105.05,No
